-- migrate:up
INSERT INTO products (product_id, name, description, category, collection, created_at) VALUES
  ('urban-drift-bucket-hat', 'Urban Drift Bucket Hat', 'Navigate the urban jungle with our Urban Drift Bucket Hat. It''s not only trendy but also practical, offering shade from the hustle and bustle.', 'unisex', 'urban', '2024-04-04'),
  ('tangerine-mini-tote', 'Tangerine Mini Tote', 'Carry a pop of color with our Tangerine Mini Tote. Compact and vibrant, it''s the perfect accessory for the fashion-forward minimalist.', 'women', 'fresh', '2024-04-03'),
  ('elemental-sneakers', 'Elemental Sneakers', 'Ground your steps in style with our Elemental Sneakers. Designed with the elements in mind, they bring a natural balance to your stride and your ensemble.', 'unisex', 'fresh', '2024-03-25'),
  ('metro-hoodie', 'Metro Hoodie', 'The Metro Hoodie is your ticket to comfortable, laid-back fashion. Whether you''re on the move or taking it easy, this hoodie has got you covered.', 'unisex', 'urban', '2024-03-23'),
  ('sunbeam-mules', 'Sunbeam Mules', 'Let your feet bask in the glow of our Sunbeam Mules. With their radiant style and effortless slip-on design, they''re sunshine for your step.', 'women', 'fresh', '2024-03-22'),
  ('azure-attitude-shades', 'Azure Attitude Shades', 'Step out in style with our Azure Attitude Shades, featuring a bold blue tint and modern design. These sunglasses are not just an accessory but a statement of confidence.', 'men', 'urban', '2024-03-21'),
  ('voyager-hoodie', 'Voyager Hoodie', 'The Voyager Hoodie is for the explorer at heart. Its durable fabric and roomy pockets are perfect for those who are always searching for the next adventure.', 'unisex', 'urban', '2024-03-20'),
  ('la-baseball-hat', 'LA Baseball Hat', 'Shield your eyes and show your style with our LA Baseball Hat. It''s not just a nod to the city of angels but a capstone for any casual outfit.', 'unisex', 'fresh', '2024-02-29'),
  ('classic-canvas-tee', 'Classic Canvas Tee', 'The Classic Canvas Tee is your go-to wardrobe staple, offering unparalleled comfort and a timeless look that never goes out of style.', 'unisex', 'fresh', '2024-02-26'),
  ('cool-neo-retro-shoes', 'Cool Neo-Retro Shoes', 'Merge past and present with our Cool Neo-Retro Shoes. Their classic silhouette with modern twists will have you walking with a foot in each era.', 'unisex', 'fresh', '2024-02-20'),
  ('city-quilted-jacket', 'City Quilted Jacket', 'Our City Quilted Jacket is the urban adventurer''s essential. With its sleek quilting and durable design, it''s ready to take on the city streets while keeping you insulated.', 'unisex', 'urban', '2024-02-06'),
  ('autumnal-knitwear', 'Autumnal Knitwear', 'Wrap yourself in the warmth of our Autumnal Knitwear, crafted from premium wool blends to keep you cozy as the leaves change color. Perfect for chilly evenings and crisp mornings.', 'women', 'cozy', '2024-01-31'),
  ('stepsoft-socks', 'StepSoft Socks', 'Step into luxury with our StepSoft Socks, designed to pamper your feet with every step. Their cloud-like cushioning is like a spa for your soles.', 'unisex', 'cozy', '2024-01-31'),
  ('color-ease-tee', 'Color Ease Tee', 'Experience the ease of color with our soft and simple tees available in a rainbow of hues, designed to brighten your day and your outfit.', 'unisex', 'fresh', '2024-01-30'),
  ('harvest-cozy-turtleneck', 'Harvest Cozy Turtleneck', 'Cozy up in our Harvest Turtleneck, a snug embrace on a crisp day. Its rich texture and warm tones embody the essence of autumn comfort.', 'women', 'cozy', '2024-01-26'),
  ('neutral-charm-blazer', 'Neutral Charm Blazer', 'Our Neutral Charm Blazer adds a touch of sophistication to any outfit. Its subtle hues and tailored fit make it a versatile choice for any occasion.', 'women', 'urban', '2024-01-25'),
  ('cute-banana-socks', 'Cute Banana Socks', 'Add a bunch of fun to your feet with our Cute Banana Socks. They''re as comfy as they are playful, perfect for lounging or peeling around town.', 'unisex', 'cozy', '2024-01-14'),
  ('canis-philosophus-linen-tee', 'Canis Philosophus Linen Tee', 'Embrace the wisdom of comfort with our Canis Philosophus Linen Tee. Made from breathable linen, this T-shirt combines classic style with a relaxed fit for the thinker on the move.', 'men', 'fresh', '2024-01-08'),
  ('urban-bomber-jacket', 'Urban Bomber Jacket', 'The Urban Bomber Jacket is your armor against the elements. Its edgy style and robust construction make it a city dweller''s essential.', 'men', 'urban', '2024-01-03');

INSERT INTO product_inventory (sku, product_id, color, size, list_price, discount_percentage, sale_price, stock, sold) VALUES
  ('ak-blue-xs', 'autumnal-knitwear', 'blue', 'xs', 100, 10, 90, 15, 35),
  ('ak-blue-sm', 'autumnal-knitwear', 'blue', 'sm', 100, 10, 90, 20, 30),
  ('ak-blue-md', 'autumnal-knitwear', 'blue', 'md', 100, 10, 90, 25, 25),
  ('ak-blue-lg', 'autumnal-knitwear', 'blue', 'lg', 100, 10, 90, 30, 20),
  ('ak-blue-xl', 'autumnal-knitwear', 'blue', 'xl', 100, 10, 90, 35, 15),
  ('ak-brown-xs', 'autumnal-knitwear', 'brown', 'xs', 100, 10, 90, 10, 40),
  ('ak-brown-sm', 'autumnal-knitwear', 'brown', 'sm', 100, 10, 90, 15, 35),
  ('ak-brown-md', 'autumnal-knitwear', 'brown', 'md', 100, 10, 90, 20, 30),
  ('ak-brown-lg', 'autumnal-knitwear', 'brown', 'lg', 100, 10, 90, 25, 25),
  ('ak-brown-xl', 'autumnal-knitwear', 'brown', 'xl', 100, 10, 90, 30, 20),
  ('ak-yellow-xs', 'autumnal-knitwear', 'yellow', 'xs', 100, 10, 90, 15, 35),
  ('ak-yellow-sm', 'autumnal-knitwear', 'yellow', 'sm', 100, 10, 90, 20, 30),
  ('ak-yellow-md', 'autumnal-knitwear', 'yellow', 'md', 100, 10, 90, 25, 25),
  ('ak-yellow-lg', 'autumnal-knitwear', 'yellow', 'lg', 100, 10, 90, 30, 20),
  ('ak-yellow-xl', 'autumnal-knitwear', 'yellow', 'xl', 100, 10, 90, 35, 15),
  ('aas-blue', 'azure-attitude-shades', 'blue', NULL, 45, NULL, 45, 435, 65),
  ('cplt-white-xs', 'canis-philosophus-linen-tee', 'white', 'xs', 50, NULL, 45, 50, 50),
  ('cplt-white-sm', 'canis-philosophus-linen-tee', 'white', 'sm', 50, NULL, 45, 55, 45),
  ('cplt-white-md', 'canis-philosophus-linen-tee', 'white', 'md', 50, NULL, 45, 60, 40),
  ('cplt-white-lg', 'canis-philosophus-linen-tee', 'white', 'lg', 50, NULL, 45, 65, 35),
  ('cplt-white-xl', 'canis-philosophus-linen-tee', 'white', 'xl', 50, NULL, 45, 70, 30),
  ('cqj-white-xs', 'city-quilted-jacket', 'white', 'xs', 120, 10, 108, 75, 25),
  ('cqj-white-sm', 'city-quilted-jacket', 'white', 'sm', 120, 10, 108, 80, 20),
  ('cqj-white-md', 'city-quilted-jacket', 'white', 'md', 120, 10, 108, 85, 15),
  ('cqj-white-lg', 'city-quilted-jacket', 'white', 'lg', 120, 10, 108, 90, 10),
  ('cqj-white-xl', 'city-quilted-jacket', 'white', 'xl', 120, 10, 108, 95, 5),
  ('cct-white-xs', 'classic-canvas-tee', 'white', 'xs', 25, 10, 22.5, 900, 100),
  ('cct-white-sm', 'classic-canvas-tee', 'white', 'sm', 25, 10, 22.5, 910, 90),
  ('cct-white-md', 'classic-canvas-tee', 'white', 'md', 25, 10, 22.5, 920, 80),
  ('cct-white-lg', 'classic-canvas-tee', 'white', 'lg', 25, 10, 22.5, 930, 70),
  ('cct-white-xl', 'classic-canvas-tee', 'white', 'xl', 25, 10, 22.5, 940, 60),
  ('cct-red-xs', 'classic-canvas-tee', 'red', 'xs', 25, 10, 22.5, 900, 100),
  ('cct-red-sm', 'classic-canvas-tee', 'red', 'sm', 25, 10, 22.5, 910, 90),
  ('cct-red-md', 'classic-canvas-tee', 'red', 'md', 25, 10, 22.5, 920, 80),
  ('cct-red-lg', 'classic-canvas-tee', 'red', 'lg', 25, 10, 22.5, 930, 70),
  ('cct-red-xl', 'classic-canvas-tee', 'red', 'xl', 25, 10, 22.5, 940, 60),
  ('cct-orange-xs', 'classic-canvas-tee', 'orange', 'xs', 25, 10, 22.5, 900, 100),
  ('cct-orange-sm', 'classic-canvas-tee', 'orange', 'sm', 25, 10, 22.5, 910, 90),
  ('cct-orange-md', 'classic-canvas-tee', 'orange', 'md', 25, 10, 22.5, 920, 80),
  ('cct-orange-lg', 'classic-canvas-tee', 'orange', 'lg', 25, 10, 22.5, 930, 70),
  ('cct-orange-xl', 'classic-canvas-tee', 'orange', 'xl', 25, 10, 22.5, 940, 60),
  ('cct-brown-xs', 'classic-canvas-tee', 'brown', 'xs', 25, 10, 22.5, 900, 100),
  ('cct-brown-sm', 'classic-canvas-tee', 'brown', 'sm', 25, 10, 22.5, 910, 90),
  ('cct-brown-md', 'classic-canvas-tee', 'brown', 'md', 25, 10, 22.5, 920, 80),
  ('cct-brown-lg', 'classic-canvas-tee', 'brown', 'lg', 25, 10, 22.5, 930, 70),
  ('cct-brown-xl', 'classic-canvas-tee', 'brown', 'xl', 25, 10, 22.5, 940, 60),
  ('cct-beige-xs', 'classic-canvas-tee', 'beige', 'xs', 25, 10, 22.5, 0, 100),
  ('cct-beige-sm', 'classic-canvas-tee', 'beige', 'sm', 25, 10, 22.5, 0, 90),
  ('cct-beige-md', 'classic-canvas-tee', 'beige', 'md', 25, 10, 22.5, 0, 80),
  ('cct-beige-lg', 'classic-canvas-tee', 'beige', 'lg', 25, 10, 22.5, 0, 70),
  ('cct-beige-xl', 'classic-canvas-tee', 'beige', 'xl', 25, 10, 22.5, 0, 60),
  ('cet-pink-xs', 'color-ease-tee', 'pink', 'xs', 30, 5, 28.5, 250, 50),
  ('cet-pink-sm', 'color-ease-tee', 'pink', 'sm', 30, 5, 28.5, 255, 45),
  ('cet-pink-md', 'color-ease-tee', 'pink', 'md', 30, 5, 28.5, 260, 40),
  ('cet-pink-lg', 'color-ease-tee', 'pink', 'lg', 30, 5, 28.5, 265, 35),
  ('cet-pink-xl', 'color-ease-tee', 'pink', 'xl', 30, 5, 28.5, 270, 30),
  ('cnrs-white-4', 'cool-neo-retro-shoes', 'white', '4', 120, 20, 96, 150, 50),
  ('cnrs-white-4.5', 'cool-neo-retro-shoes', 'white', '4.5', 120, 20, 96, 155, 45),
  ('cnrs-white-5', 'cool-neo-retro-shoes', 'white', '5', 120, 20, 96, 160, 40),
  ('cnrs-white-5.5', 'cool-neo-retro-shoes', 'white', '5.5', 120, 20, 96, 165, 35),
  ('cnrs-white-6', 'cool-neo-retro-shoes', 'white', '6', 120, 20, 96, 170, 30),
  ('cnrs-white-6.5', 'cool-neo-retro-shoes', 'white', '6.5', 120, 20, 96, 175, 25),
  ('cnrs-white-7', 'cool-neo-retro-shoes', 'white', '7', 120, 20, 96, 180, 20),
  ('cnrs-white-7.5', 'cool-neo-retro-shoes', 'white', '7.5', 120, 20, 96, 185, 15),
  ('cnrs-white-8', 'cool-neo-retro-shoes', 'white', '8', 120, 20, 96, 190, 10),
  ('cnrs-white-8.5', 'cool-neo-retro-shoes', 'white', '8.5', 120, 20, 96, 195, 5),
  ('cnrs-white-9', 'cool-neo-retro-shoes', 'white', '9', 120, 20, 96, 198, 2),
  ('cnrs-white-9.5', 'cool-neo-retro-shoes', 'white', '9.5', 120, 20, 96, 199, 1),
  ('cnrs-white-10', 'cool-neo-retro-shoes', 'white', '10', 120, 20, 96, 200, 0),
  ('cnrs-white-10.5', 'cool-neo-retro-shoes', 'white', '10.5', 120, 20, 96, 200, 0),
  ('cnrs-white-11', 'cool-neo-retro-shoes', 'white', '11', 120, 20, 96, 200, 0),
  ('cnrs-white-11.5', 'cool-neo-retro-shoes', 'white', '11.5', 120, 20, 96, 200, 0),
  ('cnrs-white-12', 'cool-neo-retro-shoes', 'white', '12', 120, 20, 96, 200, 0),
  ('cbs-pink', 'cute-banana-socks', 'pink', NULL, 20, NULL, 20, 435, 65),
  ('es-beige-4', 'elemental-sneakers', 'beige', '4', 100, 20, 80, 400, 100),
  ('es-beige-4.5', 'elemental-sneakers', 'beige', '4.5', 100, 20, 80, 410, 90),
  ('es-beige-5', 'elemental-sneakers', 'beige', '5', 100, 20, 80, 420, 80),
  ('es-beige-5.5', 'elemental-sneakers', 'beige', '5.5', 100, 20, 80, 430, 70),
  ('es-beige-6', 'elemental-sneakers', 'beige', '6', 100, 20, 80, 440, 60),
  ('es-beige-6.5', 'elemental-sneakers', 'beige', '6.5', 100, 20, 80, 450, 50),
  ('es-beige-7', 'elemental-sneakers', 'beige', '7', 100, 20, 80, 460, 40),
  ('es-beige-7.5', 'elemental-sneakers', 'beige', '7.5', 100, 20, 80, 470, 30),
  ('es-beige-8', 'elemental-sneakers', 'beige', '8', 100, 20, 80, 480, 20),
  ('es-beige-8.5', 'elemental-sneakers', 'beige', '8.5', 100, 20, 80, 490, 10),
  ('es-beige-9', 'elemental-sneakers', 'beige', '9', 100, 20, 80, 495, 5),
  ('es-beige-9.5', 'elemental-sneakers', 'beige', '9.5', 100, 20, 80, 498, 2),
  ('es-beige-10', 'elemental-sneakers', 'beige', '10', 100, 20, 80, 499, 1),
  ('es-beige-10.5', 'elemental-sneakers', 'beige', '10.5', 100, 20, 80, 500, 0),
  ('es-beige-11', 'elemental-sneakers', 'beige', '11', 100, 20, 80, 500, 0),
  ('es-beige-11.5', 'elemental-sneakers', 'beige', '11.5', 100, 20, 80, 500, 0),
  ('es-beige-12', 'elemental-sneakers', 'beige', '12', 100, 20, 80, 500, 0),
  ('hct-beige-xs', 'harvest-cozy-turtleneck', 'beige', 'xs', 110, 10, 99, 225, 75),
  ('hct-beige-sm', 'harvest-cozy-turtleneck', 'beige', 'sm', 110, 10, 99, 230, 70),
  ('hct-beige-md', 'harvest-cozy-turtleneck', 'beige', 'md', 110, 10, 99, 235, 65),
  ('hct-beige-lg', 'harvest-cozy-turtleneck', 'beige', 'lg', 110, 10, 99, 240, 60),
  ('hct-beige-xl', 'harvest-cozy-turtleneck', 'beige', 'xl', 110, 10, 99, 245, 55),
  ('lbh-black', 'la-baseball-hat', 'black', NULL, 20, NULL, 20, 435, 65),
  ('mh-black-xs', 'metro-hoodie', 'black', 'xs', 90, 10, 81, 300, 100),
  ('mh-black-sm', 'metro-hoodie', 'black', 'sm', 90, 10, 81, 305, 95),
  ('mh-black-md', 'metro-hoodie', 'black', 'md', 90, 10, 81, 310, 90),
  ('mh-black-lg', 'metro-hoodie', 'black', 'lg', 90, 10, 81, 315, 85),
  ('mh-black-xl', 'metro-hoodie', 'black', 'xl', 90, 10, 81, 320, 80),
  ('ncb-beige-xs', 'neutral-charm-blazer', 'beige', 'xs', 130, 10, 117, 150, 50),
  ('ncb-beige-sm', 'neutral-charm-blazer', 'beige', 'sm', 130, 10, 117, 155, 45),
  ('ncb-beige-md', 'neutral-charm-blazer', 'beige', 'md', 130, 10, 117, 160, 40),
  ('ncb-beige-lg', 'neutral-charm-blazer', 'beige', 'lg', 130, 10, 117, 165, 35),
  ('ncb-beige-xl', 'neutral-charm-blazer', 'beige', 'xl', 130, 10, 117, 170, 30),
  ('ss-orange-xs', 'stepsoft-socks', 'orange', 'xs', 25, NULL, 22.5, 10, 200),
  ('ss-orange-sm', 'stepsoft-socks', 'orange', 'sm', 25, NULL, 22.5, 10, 190),
  ('ss-orange-md', 'stepsoft-socks', 'orange', 'md', 25, NULL, 22.5, 10, 180),
  ('ss-orange-lg', 'stepsoft-socks', 'orange', 'lg', 25, NULL, 22.5, 10, 170),
  ('ss-orange-xl', 'stepsoft-socks', 'orange', 'xl', 25, NULL, 22.5, 10, 160),
  ('ss-pink-xs', 'stepsoft-socks', 'pink', 'xs', 25, NULL, 22.5, 10, 200),
  ('ss-pink-sm', 'stepsoft-socks', 'pink', 'sm', 25, NULL, 22.5, 10, 190),
  ('ss-pink-md', 'stepsoft-socks', 'pink', 'md', 25, NULL, 22.5, 10, 180),
  ('ss-pink-lg', 'stepsoft-socks', 'pink', 'lg', 25, NULL, 22.5, 10, 170),
  ('ss-pink-xl', 'stepsoft-socks', 'pink', 'xl', 25, NULL, 22.5, 10, 160),
  ('sm-yellow-4', 'sunbeam-mules', 'yellow', '4', 85, 20, 68, 380, 120),
  ('sm-yellow-4.5', 'sunbeam-mules', 'yellow', '4.5', 85, 20, 68, 385, 115),
  ('sm-yellow-5', 'sunbeam-mules', 'yellow', '5', 85, 20, 68, 390, 110),
  ('sm-yellow-5.5', 'sunbeam-mules', 'yellow', '5.5', 85, 20, 68, 395, 105),
  ('sm-yellow-6', 'sunbeam-mules', 'yellow', '6', 85, 20, 68, 400, 100),
  ('sm-yellow-6.5', 'sunbeam-mules', 'yellow', '6.5', 85, 20, 68, 405, 95),
  ('sm-yellow-7', 'sunbeam-mules', 'yellow', '7', 85, 20, 68, 410, 90),
  ('sm-yellow-7.5', 'sunbeam-mules', 'yellow', '7.5', 85, 20, 68, 415, 85),
  ('sm-yellow-8', 'sunbeam-mules', 'yellow', '8', 85, 20, 68, 420, 80),
  ('sm-yellow-8.5', 'sunbeam-mules', 'yellow', '8.5', 85, 20, 68, 425, 75),
  ('sm-yellow-9', 'sunbeam-mules', 'yellow', '9', 85, 20, 68, 430, 70),
  ('sm-yellow-9.5', 'sunbeam-mules', 'yellow', '9.5', 85, 20, 68, 435, 65),
  ('sm-yellow-10', 'sunbeam-mules', 'yellow', '10', 85, 20, 68, 440, 60),
  ('sm-yellow-10.5', 'sunbeam-mules', 'yellow', '10.5', 85, 20, 68, 445, 55),
  ('sm-yellow-11', 'sunbeam-mules', 'yellow', '11', 85, 20, 68, 450, 50),
  ('sm-yellow-11.5', 'sunbeam-mules', 'yellow', '11.5', 85, 20, 68, 455, 45),
  ('sm-yellow-12', 'sunbeam-mules', 'yellow', '12', 85, 20, 68, 460, 40),
  ('tmt-orange', 'tangerine-mini-tote', 'orange', NULL, 150, NULL, 150, 435, 65),
  ('ubj-green-xs', 'urban-bomber-jacket', 'green', 'xs', 150, NULL, 135, 240, 60),
  ('ubj-green-sm', 'urban-bomber-jacket', 'green', 'sm', 150, NULL, 135, 245, 55),
  ('ubj-green-md', 'urban-bomber-jacket', 'green', 'md', 150, NULL, 135, 250, 50),
  ('ubj-green-lg', 'urban-bomber-jacket', 'green', 'lg', 150, NULL, 135, 255, 45),
  ('ubj-green-xl', 'urban-bomber-jacket', 'green', 'xl', 150, NULL, 135, 260, 40),
  ('udbh-black', 'urban-drift-bucket-hat', 'black', NULL, 15, NULL, 15, 435, 65),
  ('udbh-white', 'urban-drift-bucket-hat', 'white', NULL, 15, NULL, 15, 435, 65),
  ('vh-green-xs', 'voyager-hoodie', 'green', 'xs', 95, 20, 76, 415, 85),
  ('vh-green-sm', 'voyager-hoodie', 'green', 'sm', 95, 20, 76, 420, 80),
  ('vh-green-md', 'voyager-hoodie', 'green', 'md', 95, 20, 76, 425, 75),
  ('vh-green-lg', 'voyager-hoodie', 'green', 'lg', 95, 20, 76, 430, 70),
  ('vh-green-xl', 'voyager-hoodie', 'green', 'xl', 95, 20, 76, 435, 65),
  ('vh-brown-xs', 'voyager-hoodie', 'brown', 'xs', 95, 20, 76, 415, 85),
  ('vh-brown-sm', 'voyager-hoodie', 'brown', 'sm', 95, 20, 76, 420, 80),
  ('vh-brown-md', 'voyager-hoodie', 'brown', 'md', 95, 20, 76, 425, 75),
  ('vh-brown-lg', 'voyager-hoodie', 'brown', 'lg', 95, 20, 76, 430, 70),
  ('vh-brown-xl', 'voyager-hoodie', 'brown', 'xl', 95, 20, 76, 435, 65);

INSERT INTO product_images (product_id, color, image_url) VALUES
  ('autumnal-knitwear', 'blue', 'https://vaqybtnqyonvlwtskzmv.supabase.co/storage/v1/object/public/e-commerce-track-images/autumnal-knitwear/autumnal-knitwear-1.jpg'),
  ('autumnal-knitwear', 'blue', 'https://vaqybtnqyonvlwtskzmv.supabase.co/storage/v1/object/public/e-commerce-track-images/autumnal-knitwear/autumnal-knitwear-2.jpg'),
  ('autumnal-knitwear', 'blue', 'https://vaqybtnqyonvlwtskzmv.supabase.co/storage/v1/object/public/e-commerce-track-images/autumnal-knitwear/autumnal-knitwear-3.jpg'),
  ('autumnal-knitwear', 'brown', 'https://vaqybtnqyonvlwtskzmv.supabase.co/storage/v1/object/public/e-commerce-track-images/autumnal-knitwear/autumnal-knitwear-1.jpg'),
  ('autumnal-knitwear', 'brown', 'https://vaqybtnqyonvlwtskzmv.supabase.co/storage/v1/object/public/e-commerce-track-images/autumnal-knitwear/autumnal-knitwear-2.jpg'),
  ('autumnal-knitwear', 'brown', 'https://vaqybtnqyonvlwtskzmv.supabase.co/storage/v1/object/public/e-commerce-track-images/autumnal-knitwear/autumnal-knitwear-3.jpg'),
  ('autumnal-knitwear', 'beige', 'https://vaqybtnqyonvlwtskzmv.supabase.co/storage/v1/object/public/e-commerce-track-images/autumnal-knitwear/autumnal-knitwear-1.jpg'),
  ('autumnal-knitwear', 'beige', 'https://vaqybtnqyonvlwtskzmv.supabase.co/storage/v1/object/public/e-commerce-track-images/autumnal-knitwear/autumnal-knitwear-2.jpg'),
  ('autumnal-knitwear', 'beige', 'https://vaqybtnqyonvlwtskzmv.supabase.co/storage/v1/object/public/e-commerce-track-images/autumnal-knitwear/autumnal-knitwear-3.jpg'),
  ('azure-attitude-shades', 'blue', 'https://vaqybtnqyonvlwtskzmv.supabase.co/storage/v1/object/public/e-commerce-track-images/azure-attitude-shades/azure-attitude-shades-1.jpg'),
  ('azure-attitude-shades', 'blue', 'https://vaqybtnqyonvlwtskzmv.supabase.co/storage/v1/object/public/e-commerce-track-images/azure-attitude-shades/azure-attitude-shades-2.jpg'),
  ('canis-philosophus-linen-tee', 'white', 'https://vaqybtnqyonvlwtskzmv.supabase.co/storage/v1/object/public/e-commerce-track-images/canis-philosophus-linen-tee/canis-philosophus-linen-tee-1.jpg'),
  ('city-quilted-jacket', 'white', 'https://vaqybtnqyonvlwtskzmv.supabase.co/storage/v1/object/public/e-commerce-track-images/city-quilted-jacket/city-quilted-jacket-1.jpg'),
  ('city-quilted-jacket', 'white', 'https://vaqybtnqyonvlwtskzmv.supabase.co/storage/v1/object/public/e-commerce-track-images/city-quilted-jacket/city-quilted-jacket-2.jpg'),
  ('city-quilted-jacket', 'white', 'https://vaqybtnqyonvlwtskzmv.supabase.co/storage/v1/object/public/e-commerce-track-images/city-quilted-jacket/city-quilted-jacket-3.jpg'),
  ('classic-canvas-tee', 'white', 'https://vaqybtnqyonvlwtskzmv.supabase.co/storage/v1/object/public/e-commerce-track-images/classic-canvas-tee/classic-canvas-tee-1.jpg'),
  ('classic-canvas-tee', 'white', 'https://vaqybtnqyonvlwtskzmv.supabase.co/storage/v1/object/public/e-commerce-track-images/classic-canvas-tee/classic-canvas-tee-2.jpg'),
  ('classic-canvas-tee', 'red', 'https://vaqybtnqyonvlwtskzmv.supabase.co/storage/v1/object/public/e-commerce-track-images/classic-canvas-tee/classic-canvas-tee-1.jpg'),
  ('classic-canvas-tee', 'red', 'https://vaqybtnqyonvlwtskzmv.supabase.co/storage/v1/object/public/e-commerce-track-images/classic-canvas-tee/classic-canvas-tee-2.jpg'),
  ('classic-canvas-tee', 'orange', 'https://vaqybtnqyonvlwtskzmv.supabase.co/storage/v1/object/public/e-commerce-track-images/classic-canvas-tee/classic-canvas-tee-1.jpg'),
  ('classic-canvas-tee', 'orange', 'https://vaqybtnqyonvlwtskzmv.supabase.co/storage/v1/object/public/e-commerce-track-images/classic-canvas-tee/classic-canvas-tee-2.jpg'),
  ('classic-canvas-tee', 'brown', 'https://vaqybtnqyonvlwtskzmv.supabase.co/storage/v1/object/public/e-commerce-track-images/classic-canvas-tee/classic-canvas-tee-1.jpg'),
  ('classic-canvas-tee', 'brown', 'https://vaqybtnqyonvlwtskzmv.supabase.co/storage/v1/object/public/e-commerce-track-images/classic-canvas-tee/classic-canvas-tee-2.jpg'),
  ('classic-canvas-tee', 'beige', 'https://vaqybtnqyonvlwtskzmv.supabase.co/storage/v1/object/public/e-commerce-track-images/classic-canvas-tee/classic-canvas-tee-1.jpg'),
  ('classic-canvas-tee', 'beige', 'https://vaqybtnqyonvlwtskzmv.supabase.co/storage/v1/object/public/e-commerce-track-images/classic-canvas-tee/classic-canvas-tee-2.jpg'),
  ('color-ease-tee', 'pink', 'https://vaqybtnqyonvlwtskzmv.supabase.co/storage/v1/object/public/e-commerce-track-images/color-ease-tee/color-ease-tee.jpg'),
  ('cool-neo-retro-shoes', 'white', 'https://vaqybtnqyonvlwtskzmv.supabase.co/storage/v1/object/public/e-commerce-track-images/cool-neo-retro-shoes/cool-netro-retro-shoes-1.jpg'),
  ('cute-banana-socks', 'white', 'https://vaqybtnqyonvlwtskzmv.supabase.co/storage/v1/object/public/e-commerce-track-images/cute-banana-socks/cute-banana-socks-1.jpg'),
  ('elemental-sneakers', 'beige', 'https://vaqybtnqyonvlwtskzmv.supabase.co/storage/v1/object/public/e-commerce-track-images/elemental-sneakers/elemental-sneakers-1.jpg'),
  ('elemental-sneakers', 'beige', 'https://vaqybtnqyonvlwtskzmv.supabase.co/storage/v1/object/public/e-commerce-track-images/elemental-sneakers/elemental-sneakers-2.jpg'),
  ('elemental-sneakers', 'beige', 'https://vaqybtnqyonvlwtskzmv.supabase.co/storage/v1/object/public/e-commerce-track-images/elemental-sneakers/elemental-sneakers-3.jpg'),
  ('harvest-cozy-turtleneck', 'beige', 'https://vaqybtnqyonvlwtskzmv.supabase.co/storage/v1/object/public/e-commerce-track-images/harvest-cozy-turtleneck/harvest-cozy-turtleneck-1.jpg'),
  ('harvest-cozy-turtleneck', 'beige', 'https://vaqybtnqyonvlwtskzmv.supabase.co/storage/v1/object/public/e-commerce-track-images/harvest-cozy-turtleneck/harvest-cozy-turtleneck-2.jpg'),
  ('harvest-cozy-turtleneck', 'beige', 'https://vaqybtnqyonvlwtskzmv.supabase.co/storage/v1/object/public/e-commerce-track-images/harvest-cozy-turtleneck/harvest-cozy-turtleneck-3.jpg'),
  ('la-baseball-hat', 'black', 'https://vaqybtnqyonvlwtskzmv.supabase.co/storage/v1/object/public/e-commerce-track-images/la-baseball-hat/la-baseball-hat-1.jpg'),
  ('metro-hoodie', 'black', 'https://vaqybtnqyonvlwtskzmv.supabase.co/storage/v1/object/public/e-commerce-track-images/metro-hoodie/metro-hoodie-1.jpg'),
  ('metro-hoodie', 'black', 'https://vaqybtnqyonvlwtskzmv.supabase.co/storage/v1/object/public/e-commerce-track-images/metro-hoodie/metro-hoodie-2.jpg'),
  ('neutral-charm-blazer', 'beige', 'https://vaqybtnqyonvlwtskzmv.supabase.co/storage/v1/object/public/e-commerce-track-images/neutral-charm-blazer/neutral-charm-blazer-1.jpg'),
  ('stepsoft-socks', 'orange', 'https://vaqybtnqyonvlwtskzmv.supabase.co/storage/v1/object/public/e-commerce-track-images/stepsoft-socks/stepsoft-socks-1.jpg'),
  ('stepsoft-socks', 'pink', 'https://vaqybtnqyonvlwtskzmv.supabase.co/storage/v1/object/public/e-commerce-track-images/stepsoft-socks/stepsoft-socks-2.webp'),
  ('sunbeam-mules', 'yellow', 'https://vaqybtnqyonvlwtskzmv.supabase.co/storage/v1/object/public/e-commerce-track-images/sunbeam-mules/sunbeam-mules-1.jpg'),
  ('sunbeam-mules', 'yellow', 'https://vaqybtnqyonvlwtskzmv.supabase.co/storage/v1/object/public/e-commerce-track-images/sunbeam-mules/sunbeam-mules-2.jpg'),
  ('tangerine-mini-tote', 'orange', 'https://vaqybtnqyonvlwtskzmv.supabase.co/storage/v1/object/public/e-commerce-track-images/tangerine-mini-tote/tangerine-mini-tote-1.jpg'),
  ('tangerine-mini-tote', 'orange', 'https://vaqybtnqyonvlwtskzmv.supabase.co/storage/v1/object/public/e-commerce-track-images/tangerine-mini-tote/tangerine-mini-tote-2.jpg'),
  ('tangerine-mini-tote', 'orange', 'https://vaqybtnqyonvlwtskzmv.supabase.co/storage/v1/object/public/e-commerce-track-images/tangerine-mini-tote/tangerine-mini-tote-3.jpg'),
  ('tangerine-mini-tote', 'orange', 'https://vaqybtnqyonvlwtskzmv.supabase.co/storage/v1/object/public/e-commerce-track-images/tangerine-mini-tote/tangerine-mini-tote-4.jpg'),
  ('tangerine-mini-tote', 'orange', 'https://vaqybtnqyonvlwtskzmv.supabase.co/storage/v1/object/public/e-commerce-track-images/tangerine-mini-tote/tangerine-mini-tote-5.jpg'),
  ('urban-bomber-jacket', 'green', 'https://vaqybtnqyonvlwtskzmv.supabase.co/storage/v1/object/public/e-commerce-track-images/urban-bomber-jacket/urban-bomber-jacket-1.jpg'),
  ('urban-bomber-jacket', 'green', 'https://vaqybtnqyonvlwtskzmv.supabase.co/storage/v1/object/public/e-commerce-track-images/urban-bomber-jacket/urban-bomber-jacket-2.jpg'),
  ('urban-bomber-jacket', 'green', 'https://vaqybtnqyonvlwtskzmv.supabase.co/storage/v1/object/public/e-commerce-track-images/urban-bomber-jacket/urban-bomber-jacket-3.jpg'),
  ('urban-drift-bucket-hat', 'black', 'https://vaqybtnqyonvlwtskzmv.supabase.co/storage/v1/object/public/e-commerce-track-images/urban-drift-bucket-hat/urban-drift-bucket-hat-1.jpg'),
  ('urban-drift-bucket-hat', 'black', 'https://vaqybtnqyonvlwtskzmv.supabase.co/storage/v1/object/public/e-commerce-track-images/urban-drift-bucket-hat/urban-drift-bucket-hat-2.jpg'),
  ('urban-drift-bucket-hat', 'black', 'https://vaqybtnqyonvlwtskzmv.supabase.co/storage/v1/object/public/e-commerce-track-images/urban-drift-bucket-hat/urban-drift-bucket-hat-3.jpg'),
  ('urban-drift-bucket-hat', 'black', 'https://vaqybtnqyonvlwtskzmv.supabase.co/storage/v1/object/public/e-commerce-track-images/urban-drift-bucket-hat/urban-drift-bucket-hat-4.jpg'),
  ('urban-drift-bucket-hat', 'white', 'https://vaqybtnqyonvlwtskzmv.supabase.co/storage/v1/object/public/e-commerce-track-images/urban-drift-bucket-hat/urban-drift-bucket-hat-5.jpg'),
  ('urban-drift-bucket-hat', 'white', 'https://vaqybtnqyonvlwtskzmv.supabase.co/storage/v1/object/public/e-commerce-track-images/urban-drift-bucket-hat/urban-drift-bucket-hat-6.jpg'),
  ('urban-drift-bucket-hat', 'white', 'https://vaqybtnqyonvlwtskzmv.supabase.co/storage/v1/object/public/e-commerce-track-images/urban-drift-bucket-hat/urban-drift-bucket-hat-7.jpg'),
  ('voyager-hoodie', 'green', 'https://vaqybtnqyonvlwtskzmv.supabase.co/storage/v1/object/public/e-commerce-track-images/voyager-hoodie/voyager-hoodie-1.jpg'),
  ('voyager-hoodie', 'brown', 'https://vaqybtnqyonvlwtskzmv.supabase.co/storage/v1/object/public/e-commerce-track-images/voyager-hoodie/voyager-hoodie-1.jpg'),
  ('voyager-hoodie', 'green', 'https://vaqybtnqyonvlwtskzmv.supabase.co/storage/v1/object/public/e-commerce-track-images/voyager-hoodie/voyager-hoodie-2.jpg'),
  ('voyager-hoodie', 'green', 'https://vaqybtnqyonvlwtskzmv.supabase.co/storage/v1/object/public/e-commerce-track-images/voyager-hoodie/voyager-hoodie-3.jpg'),
  ('voyager-hoodie', 'green', 'https://vaqybtnqyonvlwtskzmv.supabase.co/storage/v1/object/public/e-commerce-track-images/voyager-hoodie/voyager-hoodie-4.jpg');

INSERT INTO product_info (product_id, title, description) VALUES
  ('autumnal-knitwear', 'Features', ARRAY['Made from 100% organic wool, offering superior warmth and breathability.', 'Features intricate cable knit patterns for a classic aesthetic.', 'Pre-shrunk to ensure a consistent fit over time.', 'Naturally odor-resistant, ideal for repeated use between washes.', 'Ribbed cuffs and hem to retain shape and warmth.']),
  ('autumnal-knitwear', 'Fabric & Care', ARRAY['Hand wash in lukewarm water with a wool-safe detergent.', 'Lay flat to dry to maintain the garment''s shape.', 'Avoid hanging to prevent stretching.', 'Use a wool conditioner occasionally to restore natural oils.']),
  ('autumnal-knitwear', 'Shipping', ARRAY['Free standard shipping on all orders - no minimum spend required.', 'Expedited shipping available at an additional cost.', 'Packaged in biodegradable materials to reduce environmental impact.']),
  ('azure-attitude-shades', 'Features', ARRAY['UV400 protection to shield eyes from harmful rays.', 'Lightweight frames crafted from recycled plastics.', 'Scratch-resistant lenses.', 'Comes with a protective microfiber pouch.', 'Stylish and durable hinges.']),
  ('azure-attitude-shades', 'Fabric & Care', ARRAY['Clean lenses with a soft, lint-free cloth and mild lens cleaner.', 'Store in the provided pouch when not in use.', 'Avoid exposure to extreme temperatures to prevent warping.']),
  ('azure-attitude-shades', 'Shipping', ARRAY['Free standard shipping on all orders - no minimum spend required.', 'Expedited shipping available at an additional cost.', 'Packaged in biodegradable materials to reduce environmental impact.']),
  ('canis-philosophus-linen-tee', 'Features', ARRAY['Lightweight and breathable linen fabric, perfect for hot climates.', 'Pre-washed for extra softness and to prevent shrinkage.', 'Relaxed fit for comfort and versatility.', 'Double-stitched for durability.', 'Available in a variety of colors with eco-friendly dyes.']),
  ('canis-philosophus-linen-tee', 'Fabric & Care', ARRAY['Machine wash on gentle cycle with like colors.', 'Tumble dry low or hang dry to preserve fiber integrity.', 'Iron on low if needed, best when slightly damp.', 'Avoid bleach and harsh detergents.']),
  ('canis-philosophus-linen-tee', 'Shipping', ARRAY['Free standard shipping on all orders - no minimum spend required.', 'Expedited shipping available at an additional cost.', 'Packaged in biodegradable materials to reduce environmental impact.']),
  ('city-quilted-jacket', 'Features', ARRAY['Water-resistant exterior with eco-friendly coating.', 'Insulated with recycled synthetic fibers for warmth.', 'Hidden pockets with zippers for secure storage.', 'Adjustable cuffs and hem to block drafts.', 'Stylish quilted design with a slim fit.']),
  ('city-quilted-jacket', 'Fabric & Care', ARRAY['Machine wash cold on a gentle cycle.', 'Tumble dry on low heat with tennis balls to maintain loft.', 'Do not iron; steam if necessary.', 'Can be dry cleaned if preferred.']),
  ('city-quilted-jacket', 'Shipping', ARRAY['Free standard shipping on all orders - no minimum spend required.', 'Expedited shipping available at an additional cost.', 'Packaged in biodegradable materials to reduce environmental impact.']),
  ('classic-canvas-tee', 'Features', ARRAY['Made from 100% organic cotton for softness and sustainability.', 'Tag-free neck label for added comfort.', 'Reinforced stitching at seams for durability.', 'Pre-shrunk to maintain size and shape for a reliable fit.', 'Available in a range of earth-toned colors using natural dyes.']),
  ('classic-canvas-tee', 'Fabric & Care', ARRAY['Machine wash on gentle cycle with like colors.', 'Tumble dry low or hang dry to preserve fiber integrity.', 'Iron on low if needed, best when slightly damp.', 'Avoid bleach and harsh detergents.']),
  ('classic-canvas-tee', 'Shipping', ARRAY['Free standard shipping on all orders - no minimum spend required.', 'Expedited shipping available at an additional cost.', 'Packaged in biodegradable materials to reduce environmental impact.']),
  ('color-ease-tee', 'Features', ARRAY['Crafted with a soft blend of sustainable fibers for comfort and minimal environmental impact.', 'Features a relaxed fit perfect for casual wear or active pursuits.', 'Breathable fabric ideal for all-day wear.', 'Durable stitching ensures longevity and wear-resistance.', 'Offered in a variety of vibrant and neutral colors.']),
  ('color-ease-tee', 'Fabric & Care', ARRAY['Machine wash on gentle cycle with similar colors.', 'Air dry or tumble dry on low to maintain fabric integrity.', 'Iron on low heat if necessary.', 'Use environmentally friendly detergent to reduce chemical impact.']),
  ('color-ease-tee', 'Shipping', ARRAY['Free standard shipping on all orders - no minimum spend required.', 'Expedited shipping available at an additional cost.', 'Packaged in biodegradable materials to reduce environmental impact.']),
  ('cool-neo-retro-shoes', 'Features', ARRAY['Combines retro design with modern technology for ultimate comfort and style.', 'Lightweight construction with breathable materials.', 'Enhanced cushioning in the sole for extended wear.', 'Available in several retro-inspired color palettes.', 'Suitable for both casual and sporty outfits.']),
  ('cool-neo-retro-shoes', 'Fabric & Care', ARRAY['Clean with mild soap and water, using a soft cloth.', 'Air dry to preserve the shape and material integrity.', 'Avoid exposing to high temperatures to prevent material damage.', 'Condition the material periodically to maintain flexibility and appearance.']),
  ('cool-neo-retro-shoes', 'Shipping', ARRAY['Free standard shipping on all orders - no minimum spend required.', 'Expedited shipping available at an additional cost.', 'Packaged in biodegradable materials to reduce environmental impact.']),
  ('cute-banana-socks', 'Features', ARRAY['Made with organic cotton and a hint of stretch for comfort.', 'Adorable banana print perfect for adding a playful touch to any outfit.', 'Reinforced heel and toe for enhanced durability.', 'Soft, breathable fabric keeps feet cool and comfortable all day.', 'Easy to wash and maintains color vibrancy.']),
  ('cute-banana-socks', 'Fabric & Care', ARRAY['Machine wash warm with like colors.', 'Tumble dry low.', 'Do not bleach or iron.', 'Avoid using fabric softeners to preserve elasticity.']),
  ('cute-banana-socks', 'Shipping', ARRAY['Free standard shipping on all orders - no minimum spend required.', 'Expedited shipping available at an additional cost.', 'Packaged in biodegradable materials to reduce environmental impact.']),
  ('elemental-sneakers', 'Features', ARRAY['Eco-friendly materials throughout, supporting sustainable manufacturing practices.', 'Innovative sole design provides enhanced grip and stability.', 'Mesh upper for superior ventilation.', 'Minimalist, sleek design suitable for various occasions.', 'Designed for long-lasting durability and comfort.']),
  ('elemental-sneakers', 'Fabric & Care', ARRAY['Spot clean with a damp cloth and mild detergent.', 'Air dry away from direct sunlight to avoid fading.', 'Rotate footwear to ensure even wear.', 'Avoid immersing in water to maintain structural integrity.']),
  ('elemental-sneakers', 'Shipping', ARRAY['Free standard shipping on all orders - no minimum spend required.', 'Expedited shipping available at an additional cost.', 'Packaged in biodegradable materials to reduce environmental impact.']),
  ('harvest-cozy-turtleneck', 'Features', ARRAY['Luxuriously soft cashmere blend provides warmth without bulk.', 'Turtleneck design offers extra warmth and style.', 'Ribbed trim adds texture and interest.', 'Naturally resistant to wrinkles, making it ideal for travel.', 'Available in several rich, autumn-inspired colors.']),
  ('harvest-cozy-turtleneck', 'Fabric & Care', ARRAY['Hand wash in cold water with cashmere-safe detergent.', 'Lay flat to dry.', 'Do not wring or twist.', 'Use a cashmere comb to remove any pilling.']),
  ('harvest-cozy-turtleneck', 'Shipping', ARRAY['Free standard shipping on all orders - no minimum spend required.', 'Expedited shipping available at an additional cost.', 'Packaged in biodegradable materials to reduce environmental impact.']),
  ('la-baseball-hat', 'Features', ARRAY['Constructed with lightweight, breathable fabric.', 'Adjustable strap for a custom fit.', 'Durable stitching and structured brim maintain shape.', 'Moisture-wicking sweatband keeps you cool and dry.', 'Available in a variety of colors to match any team or personal style.']),
  ('la-baseball-hat', 'Fabric & Care', ARRAY['Spot clean with a damp cloth.', 'Allow to air dry fully before storing.', 'Do not machine wash or tumble dry.', 'If needed, reshape with steam.']),
  ('la-baseball-hat', 'Shipping', ARRAY['Free standard shipping on all orders - no minimum spend required.', 'Expedited shipping available at an additional cost.', 'Packaged in biodegradable materials to reduce environmental impact.']),
  ('metro-hoodie', 'Features', ARRAY['Made from a soft, sustainable fabric blend.', 'Features a drawstring hood and large front pocket.', 'Fleece lining offers extra warmth.', 'Ribbed cuffs and hem provide a secure fit.', 'Available in several urban-inspired colors.']),
  ('metro-hoodie', 'Fabric & Care', ARRAY['Machine wash cold with similar colors.', 'Tumble dry on low.', 'Avoid ironing directly on print.', 'Do not use bleach.']),
  ('metro-hoodie', 'Shipping', ARRAY['Free standard shipping on all orders - no minimum spend required.', 'Expedited shipping available at an additional cost.', 'Packaged in biodegradable materials to reduce environmental impact.']),
  ('neutral-charm-blazer', 'Features', ARRAY['Tailored for a flattering, professional fit.', 'Constructed from high-quality, durable materials.', 'Features subtle, neutral tones for versatility.', 'Lined interior for added comfort and structure.', 'Perfect for office wear or formal occasions.']),
  ('neutral-charm-blazer', 'Fabric & Care', ARRAY['Dry clean recommended to preserve fabric integrity.', 'If necessary, iron on low heat with a pressing cloth.', 'Avoid exposing to harsh chemicals.']),
  ('neutral-charm-blazer', 'Shipping', ARRAY['Free standard shipping on all orders - no minimum spend required.', 'Expedited shipping available at an additional cost.', 'Packaged in biodegradable materials to reduce environmental impact.']),
  ('stepsoft-socks', 'Features', ARRAY['Ultra-soft fabric provides all-day comfort.', 'Non-binding ribbed top prevents marks on the leg.', 'Enhanced cushioning in footbed for added support.', 'Moisture-wicking properties keep feet dry.', 'Available in multiple colors to suit any wardrobe.']),
  ('stepsoft-socks', 'Fabric & Care', ARRAY['Machine wash warm with like colors.', 'Tumble dry medium.', 'Do not iron.', 'Use non-chlorine bleach when needed.']),
  ('stepsoft-socks', 'Shipping', ARRAY['Free standard shipping on all orders - no minimum spend required.', 'Expedited shipping available at an additional cost.', 'Packaged in biodegradable materials to reduce environmental impact.']),
  ('sunbeam-mules', 'Features', ARRAY['Slip-on style offers convenience and comfort.', 'Lightweight design perfect for casual wear.', 'Supportive insoles enhance foot health.', 'Breathable materials prevent overheating.', 'Bright, sunny hues infuse energy into any outfit.']),
  ('sunbeam-mules', 'Fabric & Care', ARRAY['Wipe clean with a damp cloth.', 'Air dry in shade.', 'Avoid prolonged exposure to water or direct heat.']),
  ('sunbeam-mules', 'Shipping', ARRAY['Free standard shipping on all orders - no minimum spend required.', 'Expedited shipping available at an additional cost.', 'Packaged in biodegradable materials to reduce environmental impact.']),
  ('tangerine-mini-tote', 'Features', ARRAY['Compact design is perfect for daily essentials.', 'Durable construction handles everyday use.', 'Vibrant tangerine color adds a pop of style.', 'Adjustable strap for versatile carrying options.', 'Multiple compartments for organized storage.']),
  ('tangerine-mini-tote', 'Fabric & Care', ARRAY['Clean with a soft cloth and mild soap solution.', 'Air dry away from direct sunlight.', 'Treat with a leather conditioner to maintain suppleness.']),
  ('tangerine-mini-tote', 'Shipping', ARRAY['Free standard shipping on all orders - no minimum spend required.', 'Expedited shipping available at an additional cost.', 'Packaged in biodegradable materials to reduce environmental impact.']),
  ('urban-bomber-jacket', 'Features', ARRAY['Modern silhouette with a zip front closure.', 'Made from recycled materials, reflecting a commitment to sustainability.', 'Rib-knit trim ensures a snug fit.', 'Water-resistant finish keeps you dry.', 'Versatile enough for layering during all seasons.']),
  ('urban-bomber-jacket', 'Fabric & Care', ARRAY['Machine washable at low temperatures.', 'Hang to dry to avoid shrinkage.', 'Do not bleach.', 'Iron on low if necessary.']),
  ('urban-bomber-jacket', 'Shipping', ARRAY['Free standard shipping on all orders - no minimum spend required.', 'Expedited shipping available at an additional cost.', 'Packaged in biodegradable materials to reduce environmental impact.']),
  ('urban-drift-bucket-hat', 'Features', ARRAY['Made from durable, lightweight fabric.', 'Wide brim offers excellent sun protection.', 'Moisture-wicking band inside for enhanced comfort.', 'Easy to fold and pack, ideal for travel.', 'Stylish design complements both urban and outdoor attire.']),
  ('urban-drift-bucket-hat', 'Fabric & Care', ARRAY['Hand wash with mild detergent.', 'Air dry flat to maintain shape.', 'Do not bleach or iron.', 'Store out of direct sunlight to prevent fading.']),
  ('urban-drift-bucket-hat', 'Shipping', ARRAY['Free standard shipping on all orders - no minimum spend required.', 'Expedited shipping available at an additional cost.', 'Packaged in biodegradable materials to reduce environmental impact.']),
  ('voyager-hoodie', 'Features', ARRAY['Designed for comfort and durability.', 'Soft, breathable fabric ideal for travel and adventure.', 'Large front pocket and adjustable hood.', 'Minimalist design pairs well with any style.', 'Made with eco-conscious materials.']),
  ('voyager-hoodie', 'Fabric & Care', ARRAY['Machine wash cold on a gentle cycle.', 'Tumble dry low or hang to dry.', 'Do not use fabric softeners or bleach.', 'Iron on a low setting if necessary.']),
  ('voyager-hoodie', 'Shipping', ARRAY['Free standard shipping on all orders - no minimum spend required.', 'Expedited shipping available at an additional cost.', 'Packaged in biodegradable materials to reduce environmental impact.']);

INSERT INTO product_reviews (product_id, user_id, rating, content, created_at) VALUES
  ('autumnal-knitwear', 'dante-lancaster', 4, 'A bit pricey, but the quality justifies the cost. Very comfortable.', '2024-04-22'),
  ('autumnal-knitwear', 'jacques-griffith', 5, 'Excellent warmth and comfort, ideal for chilly autumn evenings.', '2024-02-14'),
  ('autumnal-knitwear', 'keith-mcneil', 4, 'The texture and color of this knitwear make it a standout piece in my wardrobe.', '2024-03-15'),
  ('autumnal-knitwear', 'natali-craig', 4, 'The orange color is just as vibrant as advertised and adds a beautiful pop to my outfits. I''ve washed it a few times already, and the color hasn''t faded one bit. Definitely a must-have in your closet!', '2024-04-11'),
  ('autumnal-knitwear', 'pat-barrett', 5, 'Love the warmth and style of this knitwear, perfect for fall weather.', '2024-04-21'),
  ('autumnal-knitwear', 'sonja-fuentes', 5, 'So cozy and warm, the quality is top-notch. A great buy for the colder months.', '2024-03-14'),
  ('autumnal-knitwear', 'tisha-foley', 4, 'Lovely sweater with a great fit and vibrant colors that don''t fade.', '2024-02-15'),
  ('autumnal-knitwear', 'tristan-howe', 3, 'Nice design but the material is a bit itchy on sensitive skin.', '2024-02-13'),
  ('azure-attitude-shades', 'murray-rivers', 5, 'Stylish and effective, these sunglasses really stand out.', '2024-05-05'),
  ('azure-attitude-shades', 'tatiana-moses', 3, 'Look great but feel a bit flimsy.', '2024-06-05'),
  ('azure-attitude-shades', 'brenton-mosley', 4, 'Great UV protection and very stylish, but the fit is a bit loose.', '2024-05-21'),
  ('azure-attitude-shades', 'emory-bridges', 3, 'Chic shades but the lenses scratch too easily.', '2024-05-22'),
  ('classic-canvas-tee', 'leon-case', 4, 'Simple yet elegant tee, soft fabric and holds up well after multiple washes.', '2024-03-13'),
  ('classic-canvas-tee', 'jordyn-winters', 3, 'Nice shirt, but I found the fit a bit too snug for my liking.', '2024-03-12'),
  ('classic-canvas-tee', 'magdalena-kim', 4, 'Really love the feel of this tee, though it runs a bit small after the first wash.', '2024-02-09'),
  ('classic-canvas-tee', 'mikaela-stark', 5, 'Perfect tee for daily wear, soft material and holds up well.', '2024-02-08'),
  ('classic-canvas-tee', 'vaughn-stokes', 3, 'Decent quality but the color faded faster than expected.', '2024-02-07'),
  ('classic-canvas-tee', 'helen-norton', 4, 'Great for everyday wear, though the color fades after a few washes.', '2024-04-25'),
  ('classic-canvas-tee', 'alison-mathis', 5, 'Very soft and comfortable, my new favorite tee.', '2024-04-26'),
  ('color-ease-tee', 'bryant-buckley', 5, 'Really vibrant colors and incredibly soft material.', '2024-04-27'),
  ('color-ease-tee', 'sage-benjamin', 4, 'Good shirt, but the fit is a bit loose.', '2024-04-28'),
  ('color-ease-tee', 'staci-foreman', 4, 'Vibrant colors that have lasted well through many washes.', '2024-05-13'),
  ('color-ease-tee', 'wilmer-le', 3, 'Comfortable but the fabric is a bit thin for my liking.', '2024-05-14'),
  ('cool-neo-retro-shoes', 'staci-foreman', 5, 'These are the coolest shoes, got so many compliments!', '2024-04-29'),
  ('cool-neo-retro-shoes', 'wilmer-le', 3, 'Nice style but not very comfortable for long periods.', '2024-04-15'),
  ('cool-neo-retro-shoes', 'gilbert-stanley', 5, 'Absolutely love these shoes, they are a total throwback with modern comfort.', '2024-05-15'),
  ('cool-neo-retro-shoes', 'clara-hendrix', 4, 'Very stylish and receive lots of compliments, though a bit tight initially.', '2024-05-16'),
  ('cute-banana-socks', 'gilbert-stanley', 5, 'Fun design and super comfy, love them!', '2024-01-05'),
  ('cute-banana-socks', 'clara-hendrix', 4, 'Cute socks, but they thin out pretty fast.', '2024-02-05'),
  ('cute-banana-socks', 'lana-rosario', 5, 'Super cute and fun! They brighten up my everyday outfits.', '2024-05-17'),
  ('cute-banana-socks', 'ike-blackburn', 3, 'Good for a laugh but not the best quality, wore through quickly.', '2024-05-18'),
  ('elemental-sneakers', 'pat-barrett', 5, 'These sneakers are not only stylish but incredibly comfortable for all-day wear.', '2024-03-11'),
  ('elemental-sneakers', 'dante-lancaster', 4, 'Good value for money, and they look great with casual attire.', '2024-03-10'),
  ('elemental-sneakers', 'alicia-shepard', 4, 'Great for casual walks, stylish and feels very light on the feet.', '2024-02-06'),
  ('elemental-sneakers', 'rosalyn-boone', 5, 'Surprisingly comfortable for the price, and they look great with jeans or shorts.', '2024-02-05'),
  ('elemental-sneakers', 'bryant-buckley', 2, 'I found them a bit stiff and uncomfortable during my first few uses.', '2024-02-04'),
  ('elemental-sneakers', 'donnie-monroe', 4, 'Stylish and effective, perfect for my daily walks.', '2024-04-27'),
  ('elemental-sneakers', 'kerry-love', 3, 'Good for light activities, not suitable for intensive workouts.', '2024-04-28'),
  ('harvest-cozy-turtleneck', 'eldridge-craig', 5, 'This turtleneck is super soft and cozy, perfect for the winter season.', '2024-02-03'),
  ('harvest-cozy-turtleneck', 'fidelia-dyer', 4, 'Keeps me warm without being too bulky, though the neck is a little tight.', '2024-02-02'),
  ('harvest-cozy-turtleneck', 'dane-mosley', 3, 'Good sweater but started to pill after several washes.', '2024-02-01'),
  ('harvest-cozy-turtleneck', 'erwin-case', 5, 'Fantastic quality, it''s my go-to sweater for cold days.', '2024-04-29'),
  ('harvest-cozy-turtleneck', 'elise-shannon', 3, 'Feels nice, but the neck is too tight which is uncomfortable.', '2024-04-30'),
  ('la-baseball-hat', 'brenton-mosley', 4, 'Great hat, fits well and keeps the sun out of my eyes.', '2024-07-05'),
  ('la-baseball-hat', 'emory-bridges', 5, 'Perfect for sports or just a sunny day out.', '2024-08-05'),
  ('la-baseball-hat', 'angelia-rubio', 5, 'Perfect fit and keeps the sun off my face, exactly what I wanted.', '2024-05-23'),
  ('la-baseball-hat', 'donovan-stark', 4, 'Solid construction, but the color is less vibrant than in the photos.', '2024-05-24'),
  ('metro-hoodie', 'justine-simard', 5, 'Super cozy and the fit is just right, great for casual wear.', '2024-01-20'),
  ('metro-hoodie', 'skyler-orr', 4, 'Thick material that feels built to last. A bit pricey but worth it.', '2024-01-19'),
  ('metro-hoodie', 'alden-kemp', 5, 'Amazingly warm and cozy, definitely worth the price.', '2024-05-11'),
  ('metro-hoodie', 'sage-benjamin', 4, 'Good hoodie, but the material pills after several washes.', '2024-05-12'),
  ('neutral-charm-blazer', 'angelia-rubio', 5, 'Elegantly tailored and fits perfectly, ideal for professional settings.', '2024-01-22'),
  ('neutral-charm-blazer', 'staci-foreman', 3, 'Looks good but the fabric feels a bit stiff.', '2024-01-21'),
  ('neutral-charm-blazer', 'darcy-mccullough', 5, 'Beautifully tailored, perfect for professional settings and evenings out.', '2024-05-09'),
  ('neutral-charm-blazer', 'kirstin-clements', 3, 'The blazer is nice, but it''s tighter than I expected.', '2024-05-10'),
  ('stepsoft-socks', 'lana-rosario', 5, 'These are the softest socks I''ve ever worn.', '2024-03-05'),
  ('stepsoft-socks', 'ike-blackburn', 4, 'Very soft, but wish they were a bit more durable.', '2024-01-29'),
  ('stepsoft-socks', 'murray-rivers', 5, 'Extremely soft and comfortable, great for wearing around the house.', '2024-05-19'),
  ('stepsoft-socks', 'tatiana-moses', 4, 'Soft and cozy, but could be more durable.', '2024-05-20'),
  ('sunbeam-mules', 'octavio-baldwin', 4, 'These mules are just fantastic – stylish yet extremely comfortable for daily wear.', '2024-01-28'),
  ('sunbeam-mules', 'lorri-warf', 5, 'The cushioning is perfect, and they slip on so easily, great for quick outings!', '2024-01-27'),
  ('sunbeam-mules', 'desiree-leblanc', 4, 'Great for quick outings, very chic and comfortable.', '2024-05-03'),
  ('sunbeam-mules', 'darnell-hardin', 2, 'They look good but provide very little support.', '2024-05-04'),
  ('tangerine-mini-tote', 'justine-simard', 5, 'Adorable and practical, fits all my essentials without being too bulky.', '2024-01-26'),
  ('tangerine-mini-tote', 'chadwick-stanton', 4, 'Chic and vibrant, gets compliments everywhere I go.', '2024-01-25'),
  ('tangerine-mini-tote', 'ismael-maxwell', 5, 'Perfect size for essentials, and the tangerine color is gorgeous.', '2024-05-05'),
  ('tangerine-mini-tote', 'zaria-ross', 4, 'Chic and practical, though the material could be sturdier.', '2024-05-06'),
  ('urban-bomber-jacket', 'kimberly-mastrangelo', 5, 'Perfect fit and excellent wind resistance, highly recommend.', '2024-01-23'),
  ('urban-bomber-jacket', 'mariam-whitaker', 4, 'This jacket has become my go-to piece for chilly mornings, very well made.', '2024-01-24'),
  ('urban-bomber-jacket', 'rosalie-ho', 5, 'Excellent jacket, keeps me warm and fits perfectly.', '2024-05-07'),
  ('voyager-hoodie', 'lilia-mcknight', 5, 'I''ve worn it everywhere, super durable and fashionable.', '2024-05-26'),
  ('voyager-hoodie', 'natali-craig', 4, 'I love the comfortable fit and stylish look of this hoodie. Perfect for chilly days out!', '2024-03-11'),
  ('voyager-hoodie', 'kimberly-mastrangelo', 5, 'Absolutely a must-have for anyone who enjoys outdoor activities. Keeps me warm and looks great!', '2024-03-10'),
  ('voyager-hoodie', 'lorri-warf', 3, 'Good hoodie but the color was a bit different from what I expected. Still, it''s very practical.', '2024-03-09'),
  ('voyager-hoodie', 'darren-holmes', 5, NULL, '2024-03-08'),
  ('voyager-hoodie', 'justine-simard', 4, 'Stylish and functional, this hoodie has become my go-to for chilly beach nights.', '2024-03-07'),
  ('voyager-hoodie', 'emilio-vega', 5, 'Fantastic hoodie, offers great insulation and doesn’t sacrifice style.', '2024-03-06'),
  ('voyager-hoodie', 'chadwick-stanton', 4, 'Really like the soft material and the lightweight feel, though it snags easily.', '2024-03-05'),
  ('voyager-hoodie', 'mariam-whitaker', 3, 'It''s okay, serves its purpose but I wish the material was a bit softer.', '2024-03-04'),
  ('voyager-hoodie', 'mila-rich', 5, 'This is the best hoodie I''ve purchased in a while – perfect for chilly days!', '2024-03-03'),
  ('voyager-hoodie', 'harris-cullen', 4, 'Great quality, though a bit pricey. Still, I find it worth the cost for its durability.', '2024-03-02'),
  ('voyager-hoodie', 'helen-norton', 4, 'Chic and practical, exactly what I needed for my winter wardrobe.', '2024-03-02'),
  ('voyager-hoodie', 'alison-mathis', 5, 'Superb quality, fits perfectly and is incredibly warm.', '2024-03-01'),
  ('voyager-hoodie', 'gemma-dotson', 5, 'Love it! It fits well, looks stylish, and keeps me warm.', '2024-03-01'),
  ('voyager-hoodie', 'donnie-monroe', 3, 'Not bad but the fit was a little tight.', '2024-02-28'),
  ('voyager-hoodie', 'kerry-love', 5, 'Absolutely perfect! I wear it everywhere I go.', '2024-02-27'),
  ('voyager-hoodie', 'erwin-case', 4, 'Good hoodie, but I wish there were more color options.', '2024-02-26'),
  ('voyager-hoodie', 'elise-shannon', 5, 'Love the fabric, very breathable during cooler days.', '2024-02-25'),
  ('voyager-hoodie', 'keenan-potts', 2, 'The style is nice, but it didn’t hold up well after washing.', '2024-02-24'),
  ('voyager-hoodie', 'bonita-woodward', 4, 'Stylish and practical, though a bit pricey.', '2024-02-23'),
  ('voyager-hoodie', 'desiree-leblanc', 5, 'My go-to hoodie now for outdoor activities, highly recommend.', '2024-02-22'),
  ('voyager-hoodie', 'darnell-hardin', 3, 'Looks good but the material feels a bit cheap.', '2024-02-21'),
  ('voyager-hoodie', 'ismael-maxwell', 5, 'Excellent hoodie, great for both rain and shine.', '2024-02-20'),
  ('voyager-hoodie', 'zaria-ross', 4, 'Really nice hoodie, but a little too bulky for my taste.', '2024-02-19'),
  ('voyager-hoodie', 'rosalie-ho', 5, 'Perfect for beach days and very high quality.', '2024-02-18'),
  ('voyager-hoodie', 'leigh-moody', 3, 'Decent but overpriced for what it offers.', '2024-02-17'),
  ('voyager-hoodie', 'darcy-mccullough', 4, 'Comfortable and fashionable, though it wrinkles easily.', '2024-02-16'),
  ('voyager-hoodie', 'kirstin-clements', 5, 'I get compliments every time I wear this hoodie.', '2024-02-15'),
  ('voyager-hoodie', 'alden-kemp', 4, 'Great hoodie for layering, very happy with the warmth and fit.', '2024-02-14'),
  ('voyager-hoodie', 'sage-benjamin', 3, 'Nice design but not as durable as expected.', '2024-02-13'),
  ('voyager-hoodie', 'staci-foreman', 5, 'Awesome design, light and keeps me warm.', '2024-02-12'),
  ('voyager-hoodie', 'wilmer-le', 4, 'Good quality, but needs more insulation for colder weather.', '2024-02-11'),
  ('voyager-hoodie', 'gilbert-stanley', 5, 'Perfect size and great for layering.', '2024-02-10'),
  ('voyager-hoodie', 'clara-hendrix', 3, 'Functional but not as comfortable as I hoped.', '2024-02-09'),
  ('voyager-hoodie', 'lana-rosario', 4, 'Lovely hoodie, but the color fades after a few washes.', '2024-02-08'),
  ('voyager-hoodie', 'ike-blackburn', 5, 'Best hoodie I’ve owned for outdoor sports.', '2024-02-07'),
  ('voyager-hoodie', 'murray-rivers', 4, 'Light and easy to pack, great for travel.', '2024-02-06'),
  ('voyager-hoodie', 'tatiana-moses', 2, 'Not very impressed, the fit was awkward.', '2024-02-05'),
  ('voyager-hoodie', 'brenton-mosley', 5, 'I love this hoodie, it’s perfect for outdoor activities.', '2024-02-04'),
  ('voyager-hoodie', 'emory-bridges', 4, 'Practical and stylish, though it snags easily.', '2024-02-03'),
  ('voyager-hoodie', 'angelia-rubio', 5, 'A must-have for chilly days, exceptionally high quality.', '2024-02-02'),
  ('voyager-hoodie', 'donovan-stark', 3, 'Okay hoodie but not what I expected based on the pictures.', '2024-02-01'),
  ('voyager-hoodie', 'alexandra-chaney', 4, 'Versatile for both casual and dressier occasions.', '2024-01-31'),
  ('voyager-hoodie', 'conrad-warner', 4, 'Provides excellent warmth and fits comfortably.', '2024-01-29'),
  ('voyager-hoodie', 'blaise-macias', 5, 'Fantastic hoodie, got one for my whole family.', '2024-01-28'),
  ('voyager-hoodie', 'daphne-whitfield', 3, 'Fairly good but the material is thinner than I expected.', '2024-01-27'),
  ('voyager-hoodie', 'cyril-holt', 4, 'Versatile and easy to clean, great for daily use.', '2024-01-26'),
  ('voyager-hoodie', 'tammy-reynolds', 5, 'Exactly what I was looking for, great fit and style.', '2024-01-25'),
  ('voyager-hoodie', 'dwight-rosales', 4, 'Solid construction, but I wish there were more sizes.', '2024-01-24'),
  ('voyager-hoodie', 'brigitte-weeks', 3, 'It’s alright, does the job but nothing special.', '2024-01-23'),
  ('voyager-hoodie', 'elias-hull', 5, 'Highly recommend, especially for those who enjoy outdoor activities.', '2024-01-22'),
  ('voyager-hoodie', 'jett-waller', 4, 'Comfortable and keeps its shape, even after washing.', '2024-01-21'),
  ('voyager-hoodie', 'judith-baldwin', 2, 'Not very satisfied, the fit is too loose.', '2024-01-20'),
  ('voyager-hoodie', 'elias-booker', 5, 'Excellent choice for a casual or sporty look.', '2024-01-19'),
  ('voyager-hoodie', 'paloma-frazier', 3, 'Useful but not quite as high quality as I expected.', '2024-01-18'),
  ('voyager-hoodie', 'marcellus-church', 4, 'Nice hoodie, good for keeping warm without being too bulky.', '2024-01-17'),
  ('voyager-hoodie', 'jacqueline-coffey', 5, 'Love this hoodie! It’s stylish and very comfortable.', '2024-01-16'),
  ('voyager-hoodie', 'melinda-sims', 3, 'Adequate but the color is not as vibrant in person.', '2024-01-15'),
  ('voyager-hoodie', 'bryson-floyd', 4, 'Solid choice for those looking for a reliable hoodie.', '2024-01-14'),
  ('voyager-hoodie', 'edmond-romero', 5, 'Terrific, lightweight, and keeps me warm in the cold.', '2024-01-13'),
  ('voyager-hoodie', 'janette-mckinney', 4, 'Good value for the price, nicely made.', '2024-01-12'),
  ('voyager-hoodie', 'winston-mann', 2, 'Expected better quality for the price, it''s just okay.', '2024-01-11'),
  ('urban-drift-bucket-hat', 'skyler-orr', 5, 'Best hat I''ve ever owned. Super stylish and very durable.', '2024-03-09'),
  ('urban-drift-bucket-hat', 'harriet-suarez', 4, 'A bit pricey, but the comfort and sun protection are definitely worth it.', '2024-03-08'),
  ('urban-drift-bucket-hat', 'monika-molina', 5, 'Best hat for traveling, very soft and has a perfect fit.', '2024-01-31'),
  ('urban-drift-bucket-hat', 'carla-sutton', 4, 'Loves the wide brim and functional design, but wish it came in more vibrant colors.', '2024-01-30'),
  ('urban-drift-bucket-hat', 'polly-cobb', 3, 'Comfortable but heavier than I expected, not ideal for all weather conditions.', '2024-01-29'),
  ('urban-drift-bucket-hat', 'keenan-potts', 4, 'Very versatile and durable, a solid choice for outdoor enthusiasts.', '2024-05-01'),
  ('urban-drift-bucket-hat', 'bonita-woodward', 5, 'Extremely soft and fits well. Love the lightweight design.', '2024-05-02');

-- migrate:down
DELETE FROM product_reviews;
DELETE FROM product_info;
DELETE FROM product_images;
DELETE FROM product_inventory;
DELETE FROM products;
